100 ms;;1s;;10 ms;
lambda_100;intensity_100;lambda_1000;intensity_1000;lambda_10;intensity_10
350;-0.81531;350;-13.47759;350;-2.27702
351;3.08488;351;16.49541;351;2.93902
352;-1.43092;352;-1.85381;352;-3.0791
353;3.44426;353;-4.52449;353;0.12191
354;-4.28291;354;3.36048;354;2.29518
355;-1.30798;355;-3.18878;355;-10.26948
356;4.90814;356;2.7886;356;-8.41862
357;2.9769;357;10.96345;357;-3.79502
358;-6.37633;358;6.16364;358;-3.3154
359;5.31994;359;14.3834;359;2.73228
360;6.50957;360;7.17191;360;-3.81869
361;4.7186;361;1.53402;361;-3.85409
362;1.12332;362;1.83935;362;0.1451
363;3.93514;363;1.33678;363;-1.313
364;-0.35761;364;23.3185;364;2.87723
365;-0.65586;365;15.58994;365;0.07817
366;4.66759;366;28.59885;366;4.15166
367;4.30364;367;27.98298;367;-10.51583
368;6.03945;368;28.63074;368;-5.03004
369;4.72359;369;33.54029;369;-5.40435
370;10.577;370;50.75463;370;1.60622
371;4.63095;371;28.38623;371;3.58643
372;3.56261;372;25.75583;372;3.37152
373;5.56589;373;32.74376;373;1.32007
374;4.98814;374;41.46964;374;-0.132
375;5.49272;375;32.41925;375;9.0609
376;6.7264;376;31.51073;376;-1.74777
377;4.27236;377;49.03738;377;3.44479
378;4.457;378;46.38424;378;6.87423
379;7.61384;379;48.14374;379;6.66909
380;7.40421;380;38.64474;380;5.27631
381;13.29898;381;40.44108;381;0.88696
382;12.92332;382;42.24678;382;-0.68055
383;11.39144;383;55.75508;383;2.25003
384;8.73376;384;50.94652;384;3.90168
385;12.67891;385;73.3527;385;5.73269
386;19.56489;386;78.46226;386;5.37444
387;9.6674;387;79.32238;387;6.585
388;6.60836;388;114.94782;388;6.49657
389;10.93;389;108.15426;389;4.83717
390;7.50953;390;69.16819;390;2.77994
391;12.65999;391;74.47054;391;5.37134
392;8.92237;392;73.10628;392;4.32194
393;14.13307;393;76.72183;393;6.99872
394;12.68319;394;73.95582;394;4.44704
395;5.53662;395;57.29221;395;-1.53645
396;11.21755;396;120.01465;396;4.95919
397;31.18158;397;237.3555;397;9.22417
398;12.3767;398;97.50485;398;7.22969
399;20.70406;399;138.64788;399;4.94932
400;13.29679;400;103.69822;400;3.9128
401;13.34312;401;73.75947;401;4.19225
402;12.21748;402;93.04732;402;4.40317
403;17.86802;403;84.25364;403;6.37435
404;13.55949;404;109.99488;404;6.09017
405;16.93195;405;114.78166;405;6.01412
406;18.80366;406;156.82018;406;11.28181
407;16.27775;407;131.1866;407;9.95913
408;18.40983;408;137.24739;408;12.32318
409;22.41822;409;204.53377;409;10.99079
410;83.49561;410;785.94441;410;15.05919
411;17.545;411;114.21594;411;4.40971
412;16.2313;412;111.4073;412;9.4686
413;14.69868;413;106.96913;413;0.53003
414;20.2993;414;112.88138;414;11.7042
415;13.71121;415;109.89245;415;9.56863
416;16.96056;416;145.00804;416;5.83446
417;16.65725;417;140.93508;417;2.2475
418;24.27404;418;154.61753;418;2.21318
419;7.45358;419;105.44667;419;2.74979
420;17.58981;420;129.43683;420;1.8333
421;17.95528;421;113.89961;421;7.51539
422;19.88496;422;119.90844;422;9.06595
423;14.34534;423;95.21029;423;10.31368
424;13.38268;424;98.11636;424;5.54143
425;10.43197;425;96.70921;425;9.10907
426;10.77107;426;87.22783;426;7.26282
427;11.13305;427;117.55231;427;11.78652
428;15.29321;428;110.5591;428;0.35574
429;19.80157;429;179.47175;429;7.618
430;11.97256;430;122.96222;430;5.52072
431;19.74119;431;138.63323;431;7.44516
432;20.40437;432;151.46354;432;4.96632
433;82.69101;433;817.34683;433;20.38346
434;410.11588;434;3643.34913;434;80.44105
435;34.25113;435;293.5166;435;14.8552
436;21.22175;436;147.01886;436;6.93358
437;17.85318;437;145.4402;437;9.32317
438;24.02703;438;153.07308;438;7.41507
439;19.00283;439;165.62132;439;10.0346
440;12.70804;440;125.34548;440;10.81096
441;21.04586;441;212.09725;441;5.83846
442;30.63621;442;222.39548;442;4.70308
443;19.94942;443;148.29141;443;-6.91735
444;18.76514;444;147.24771;444;7.68595
445;28.49794;445;216.37664;445;3.06984
446;20.9809;446;178.18854;446;5.32829
447;17.22726;447;146.85894;447;2.65545
448;16.951;448;160.0381;448;10.19779
449;29.72811;449;202.6159;449;3.87997
450;24.90075;450;191.89104;450;8.74208
451;17.38674;451;144.33966;451;6.77984
452;13.95561;452;146.43745;452;2.09286
453;19.75132;453;164.68323;453;10.36429
454;17.76951;454;157.73295;454;9.63353
455;13.52739;455;149.44768;455;3.05559
456;23.5194;456;186.99646;456;10.53482
457;25.81033;457;219.52896;457;1.35425
458;23.66183;458;242.27591;458;10.85864
459;16.23622;459;134.30847;459;4.28085
460;19.71367;460;148.72184;460;6.70488
461;11.8022;461;143.09984;461;0.61751
462;23.14536;462;238.01291;462;10.08694
463;38.28159;463;375.53296;463;9.75181
464;24.27308;464;215.50019;464;14.43299
465;19.28969;465;167.60252;465;-1.56636
466;25.5616;466;172.33206;466;9.63026
467;17.56013;467;155.04927;467;6.02791
468;22.26106;468;163.27318;468;1.25242
469;18.43551;469;164.2252;469;0.24253
470;19.5847;470;130.39104;470;-0.18592
471;19.79724;471;151.14393;471;6.81086
472;26.924;472;197.25062;472;7.66131
473;21.7867;473;136.38568;473;1.2869
474;11.74659;474;131.09168;474;2.57151
475;18.28616;475;124.15285;475;5.07835
476;14.52154;476;132.33521;476;7.0728
477;17.12009;477;169.20093;477;5.12512
478;16.6573;478;175.79518;478;6.02271
479;21.01451;479;198.67588;479;10.52447
480;26.82013;480;264.86103;480;8.676
481;30.37119;481;212.68601;481;2.59854
482;23.7523;482;211.06314;482;13.01663
483;37.15717;483;292.38628;483;13.77907
484;43.0068;484;465.91809;484;10.6721
485;611.14601;485;3643.34913;485;113.91939
486;3621.09718;486;3637.85817;486;685.18254
487;1105.09832;487;3643.32247;487;208.72477
488;60.76365;488;3643.34913;488;16.41579
489;23.51644;489;94.96381;489;8.90754
490;27.38464;490;217.54744;490;6.08497
491;22.63701;491;203.03159;491;7.10612
492;31.02098;492;238.35942;492;11.18828
493;36.90175;493;373.52406;493;15.82091
494;39.42457;494;292.76517;494;11.44992
495;23.87933;495;153.60256;495;10.42722
496;20.20748;496;169.21421;496;7.49544
497;20.56232;497;218.49456;497;7.05642
498;18.12093;498;187.93961;498;3.52899
499;14.18825;499;117.7406;499;0.8755
500;21.48131;500;148.70703;500;6.14734
501;23.33799;501;187.42287;501;3.56652
502;20.01717;502;146.23669;502;2.10882
503;12.82372;503;115.30823;503;2.23202
504;19.00962;504;121.27243;504;2.79042
505;10.73056;505;107.57012;505;3.01105
506;22.93964;506;128.43424;506;2.14925
507;15.90399;507;131.39128;507;3.29424
508;15.5099;508;127.73887;508;4.66713
509;11.44155;509;118.7866;509;10.02101
510;20.32181;510;91.2804;510;5.35386
511;6.31189;511;111.23013;511;9.14257
512;14.80386;512;94.09585;512;9.4157
513;4.88268;513;85.75697;513;2.26437
514;13.80603;514;115.3343;514;7.10724
515;15.64539;515;108.59626;515;4.33665
516;6.36773;516;80.80167;516;2.90987
517;13.47476;517;102.71578;517;2.61966
518;11.59713;518;92.68228;518;3.71018
519;11.76631;519;84.724;519;3.87572
520;13.6065;520;112.58048;520;2.56209
521;10.91189;521;78.5994;521;7.88477
522;12.19968;522;91.87722;522;7.31042
523;10.69928;523;90.4832;523;8.61613
524;13.35408;524;101.44725;524;6.6051
525;6.89938;525;75.3716;525;-0.69027
526;18.35494;526;128.31071;526;4.43187
527;19.39108;527;123.64825;527;10.35533
528;20.18578;528;107.1457;528;5.86059
529;16.43348;529;113.40415;529;3.42901
530;11.61637;530;103.69561;530;1.12137
531;15.53377;531;102.37917;531;0.15321
532;16.52716;532;98.21292;532;4.95
533;4.96201;533;80.91449;533;6.63857
534;11.33659;534;87.40251;534;6.3723
535;13.24454;535;65.04969;535;-0.10559
536;9.63352;536;91.40037;536;5.79117
537;12.43542;537;87.83153;537;-2.5469
538;7.72127;538;74.40851;538;4.81849
539;7.16316;539;97.08751;539;5.82357
540;12.47356;540;111.28491;540;0.05672
541;6.33102;541;107.17262;541;5.2271
542;20.18878;542;142.74462;542;3.97124
543;17.23337;543;145.71094;543;-0.55191
544;8.18184;544;113.83677;544;1.88379
545;18.5811;545;95.44884;545;5.43439
546;16.07097;546;113.57288;546;5.99142
547;9.23025;547;111.3819;547;5.7374
548;9.75911;548;130.78506;548;5.76121
549;15.43368;549;82.8964;549;4.15298
550;9.60078;550;86.09453;550;0.11245
551;7.52536;551;62.71737;551;0.21195
552;10.35731;552;55.17635;552;2.81025
553;8.79772;553;67.6448;553;3.00115
554;15.72503;554;94.34593;554;6.26241
555;10.47491;555;84.98349;555;4.23451
556;5.9448;556;66.05571;556;6.9398
557;7.56894;557;61.96349;557;2.38532
558;5.46329;558;43.16668;558;0.35896
559;1.63111;559;49.73102;559;-2.28379
560;11.8645;560;68.72383;560;3.7065
561;7.89032;561;69.41233;561;4.45193
562;9.54893;562;77.9256;562;8.75428
563;10.08707;563;85.96432;563;2.76466
564;11.78171;564;104.63154;564;-0.05408
565;12.03831;565;106.30317;565;2.83316
566;14.21409;566;155.81874;566;2.95805
567;19.64134;567;167.12008;567;1.439
568;14.93311;568;183.51517;568;4.55872
569;30.42795;569;320.84809;569;10.45117
570;21.2819;570;284.83131;570;8.79737
571;17.30085;571;238.76972;571;4.50609
572;22.42988;572;226.49655;572;10.66816
573;33.02958;573;343.99809;573;9.72764
574;40.56037;574;374.47629;574;14.09037
575;18.40861;575;232.65853;575;3.02512
576;43.61821;576;387.96851;576;10.00012
577;34.77855;577;357.36257;577;10.55624
578;40.14058;578;396.7209;578;4.16397
579;41.39303;579;467.72105;579;11.26207
580;41.11032;580;490.03383;580;14.00747
581;60.57241;581;656.8841;581;18.9663
582;73.79654;582;772.80869;582;16.6326
583;44.10373;583;455.30801;583;11.54748
584;45.37286;584;452.15795;584;6.93116
585;28.78667;585;300.48633;585;-0.06998
586;25.60364;586;255.09748;586;10.76358
587;21.74028;587;320.41586;587;7.94985
588;33.29331;588;372.72691;588;6.66013
589;51.53989;589;469.08119;589;7.23203
590;37.74293;590;266.67862;590;15.68525
591;31.21541;591;223.26697;591;8.57468
592;35.21758;592;384.57809;592;17.12972
593;52.05507;593;490.04646;593;9.07457
594;57.90779;594;573.89043;594;12.81986
595;47.1535;595;394.72552;595;11.37692
596;30.63123;596;329.8377;596;8.66675
597;36.08786;597;434.696;597;18.3011
598;51.76379;598;571.43628;598;14.19619
599;36.62023;599;378.85117;599;12.10248
600;30.53748;600;275.55062;600;4.8152
601;32.41891;601;305.00205;601;6.67761
602;52.3719;602;526.85492;602;20.94621
603;59.45004;603;644.29012;603;17.00384
604;37.98281;604;433.3298;604;16.35231
605;23.04553;605;252.39287;605;9.24328
606;31.27029;606;273.50541;606;4.6384
607;34.9678;607;335.77893;607;8.05147
608;33.18479;608;371.40699;608;5.79138
609;41.20957;609;354.39248;609;5.81669
610;37.30775;610;340.67101;610;-0.0205
611;22.39789;611;188.15749;611;4.3496
612;23.02299;612;248.68813;612;3.1909
613;33.78047;613;372.30254;613;10.7207
614;30.59212;614;358.37478;614;4.48881
615;25.7245;615;215.37096;615;-0.03556
616;21.37874;616;189.83334;616;8.60414
617;27.27295;617;235.72197;617;6.43784
618;16.86123;618;211.50297;618;9.0335
619;11.05934;619;174.88857;619;9.9408
620;20.15326;620;235.82422;620;3.99227
621;13.5174;621;183.59939;621;4.40676
622;15.62161;622;146.9975;622;8.06959
623;25.0696;623;251.94719;623;8.21365
624;21.6496;624;221.95149;624;4.46501
625;15.48457;625;106.15157;625;-11.82605
626;9.80131;626;78.18039;626;-0.72296
627;9.39209;627;117.88818;627;5.25917
628;16.55375;628;154.35512;628;5.90905
629;10.528;629;155.02812;629;2.93635
630;13.44504;630;142.98068;630;8.11542
631;19.37504;631;122.73189;631;4.17079
632;18.86093;632;135.26849;632;-0.40828
633;28.2007;633;199.87156;633;6.8209
634;19.37929;634;166.89989;634;4.32255
635;14.4918;635;115.45413;635;4.60123
636;8.72791;636;109.99196;636;9.05853
637;11.53718;637;148.09219;637;5.02559
638;14.71767;638;161.65492;638;9.09225
639;24.85309;639;233.33622;639;3.47565
640;24.39513;640;238.42433;640;6.07967
641;21.45023;641;183.77467;641;6.52713
642;16.19177;642;195.53719;642;3.36874
643;22.74666;643;219.0838;643;-0.00979
644;45.32121;644;445.44389;644;6.79769
645;48.28461;645;414.65304;645;5.13594
646;27.6293;646;241.39045;646;2.3241
647;31.73282;647;265.22512;647;-2.74464
648;32.3396;648;306.22332;648;7.80945
649;36.62335;649;331.51;649;4.82808
650;42.92462;650;406.33545;650;8.89891
651;80.79839;651;797.34748;651;20.40591
652;134.2143;652;1358.02821;652;24.70443
653;108.20626;653;1046.05362;653;15.09502
654;165.95081;654;1726.52844;654;29.16367
655;3596.89855;655;3643.34913;655;720.81803
656;3698.52726;656;3642.55147;656;2870.40145
657;3698.49424;657;3643.34913;657;3395.92542
658;3691.45173;658;3643.09942;658;661.37577
659;3698.52726;659;3643.34913;659;67.15439
660;211.85227;660;2970.85948;660;26.32876
661;66.30471;661;709.88316;661;9.71215
662;55.43969;662;479.68705;662;-9.48522
663;37.54686;663;338.35544;663;4.41528
664;31.47611;664;236.04643;664;6.01024
665;17.03761;665;171.35272;665;4.94775
666;11.10813;666;112.06893;666;4.7106
667;9.01975;667;89.79177;667;6.36286
668;13.73769;668;85.21995;668;7.16918
669;11.86006;669;77.25701;669;2.43827
670;17.43004;670;90.20798;670;7.51279
671;8.81169;671;60.903;671;4.05304
672;10.14502;672;45.11496;672;1.20125
673;6.83074;673;48.91596;673;-0.9057
674;-1.31735;674;27.90077;674;-1.54871
675;0.61576;675;24.73754;675;0.91413
676;1.86482;676;31.90949;676;1.20074
677;1.56371;677;21.55352;677;0.31323
678;2.28247;678;10.9893;678;1.69832
679;5.44897;679;28.79202;679;-1.40243
680;2.10641;680;24.39163;680;-2.09486
681;6.03918;681;16.45662;681;1.11139
682;2.33581;682;17.51199;682;0.64807
683;0.39451;683;2.97296;683;-0.92894
684;3.39073;684;6.17015;684;-1.26252
685;2.4271;685;-3.85393;685;0.50847
686;-0.67234;686;0.77297;686;-5.58415
687;-2.19493;687;-6.34835;687;1.27731
688;-0.5585;688;5.80706;688;5.95951
689;-6.49538;689;-8.71149;689;1.03013
690;5.54885;690;6.69607;690;6.41656
691;-0.87815;691;-10.03495;691;-2.3026
692;-0.49406;692;-17.38724;692;-0.78792
693;-0.89492;693;-9.77258;693;1.49156
694;0.77645;694;-29.42667;694;2.71711
695;4.85185;695;-20.12073;695;4.78701
696;3.51917;696;-14.57642;696;-3.97349
697;-1.03536;697;-30.11138;697;-2.11526
698;0.16568;698;-32.61479;698;-12.35225
699;-3.80887;699;-26.36934;699;0.87814
700;5.89855;700;15.76032;700;3.27892
701;2.27222;701;-16.00718;701;-2.04995
702;5.72835;702;-18.10411;702;2.05812
703;-1.09074;703;-23.36527;703;2.04491
704;1.19469;704;-10.34901;704;2.10402
705;3.73077;705;-8.16958;705;-1.50097
706;4.56793;706;-12.87764;706;-3.00077
707;-5.14939;707;-37.94094;707;-2.72996
708;-1.00774;708;-24.73728;708;2.30212
709;0.45776;709;-30.30993;709;5.19555
710;1.73532;710;-19.93637;710;-1.06554
711;-0.27923;711;22.56962;711;-1.94392
712;2.72198;712;-21.28741;712;-1.14978
713;1.83401;713;-28.567;713;-4.45567
714;-0.24434;714;-24.54916;714;5.0039
715;1.44871;715;-29.19903;715;-2.11259
716;0.2159;716;-35.2896;716;-6.60848
717;0.66123;717;-0.30253;717;-3.42566
718;1.40847;718;14.05742;718;-5.22085
719;0.84725;719;-6.51598;719;-0.01397
720;-4.35864;720;-7.76266;720;-1.99242
721;-0.69717;721;4.41149;721;5.48476
722;3.44995;722;-22.08419;722;-5.39396
723;1.27891;723;1.39593;723;0.03843
724;6.36138;724;17.01063;724;-3.14689
725;-2.66798;725;17.36885;725;4.12405
726;6.33801;726;55.73291;726;1.09362
727;11.71337;727;91.08267;727;2.1007
728;4.30688;728;8.24267;728;-0.36212
729;6.03448;729;45.92314;729;-1.27452
730;10.2958;730;17.39412;730;5.95923
731;3.52508;731;16.65475;731;-0.20728
732;1.3724;732;10.13145;732;-4.28108
733;0.07928;733;-12.02804;733;-0.68187
734;0.95575;734;-10.51778;734;0.5096
735;-0.35175;735;18.21716;735;2.19909
736;10.29469;736;26.30916;736;2.03391
737;-4.52627;737;-9.34166;737;4.43719
738;3.73536;738;18.63662;738;1.70401
739;6.73984;739;-21.68998;739;0.59083
740;-4.00426;740;-1.88155;740;4.60239
741;3.70343;741;-25.97226;741;2.77781
742;-2.08632;742;-31.61868;742;4.8422
743;-7.01672;743;-29.40371;743;-4.88641
744;-4.32464;744;-9.3018;744;-0.60386
745;5.22913;745;14.04813;745;5.91036
746;-1.09768;746;42.82045;746;-3.30357
747;-0.64713;747;3.00999;747;-5.44866
748;1.99323;748;-8.33274;748;6.55351
749;-3.1919;749;-25.15007;749;4.48514
750;-2.67015;750;-19.29703;750;2.07523
751;0.44119;751;-18.0526;751;1.35235
752;3.66105;752;4.15284;752;0.56834
753;-1.37117;753;0.08558;753;-2.20107
754;1.77358;754;12.25698;754;10.81097
755;-0.53248;755;-21.03738;755;-0.84675
756;5.41641;756;-31.63315;756;-1.58987
757;-6.05086;757;-10.97895;757;-2.26113
758;2.72633;758;-12.36533;758;3.10883
759;-0.14523;759;-9.77281;759;-10.82355
760;4.98417;760;41.38511;760;2.70069
761;-1.28902;761;5.83396;761;2.75908
762;2.29217;762;-33.54163;762;2.89534
763;-4.23124;763;-29.13759;763;-2.08855
764;-6.95786;764;-23.30788;764;2.00063
765;0.17011;765;-14.7675;765;-3.01267
766;1.64946;766;-2.23452;766;-2.31394
767;0.45681;767;-13.79669;767;5.4497
768;-4.27374;768;-22.25711;768;2.50094
769;1.79522;769;12.18226;769;10.2481
770;-4.29303;770;-29.60121;770;-6.46376
771;-4.21744;771;-39.16209;771;3.42562
772;-1.72632;772;-35.77201;772;-4.11482
773;0.00902;773;-22.2506;773;4.43955
774;-4.86153;774;-26.48727;774;0.91652
775;1.37584;775;-53.40046;775;-5.12932
776;-6.71333;776;-43.71651;776;0.34518
777;1.67467;777;-46.66695;777;-0.05564
778;4.87477;778;-38.50613;778;-3.96528
779;-0.53495;779;-12.91107;779;-2.90289
780;-3.58883;780;-33.52831;780;-4.0105
781;-2.75186;781;-38.17217;781;-4.63741
782;-2.82676;782;-49.48963;782;-2.18845
783;-4.00633;783;-61.73385;783;0.00993
784;-3.22413;784;-48.88265;784;0.49983
785;-7.19347;785;-55.52795;785;-2.35109
786;-0.52436;786;-51.87672;786;-1.57101
787;-1.13792;787;-54.2417;787;-3.14011
788;-6.01374;788;-55.26127;788;1.27316
789;-2.34563;789;-59.58223;789;5.12028
790;-7.25542;790;-40.93226;790;-0.7799
791;-2.95047;791;-38.04768;791;1.04902
792;-3.83988;792;-45.95027;792;4.74072
793;-0.36897;793;-44.70029;793;-2.14469
794;1.91182;794;-53.57728;794;-2.64914
795;2.5339;795;-55.82811;795;2.1855
796;-4.64185;796;-45.99801;796;-0.18354
797;-1.6799;797;-38.72244;797;-3.47933
798;-4.28657;798;-43.15486;798;-3.95368
799;-7.47301;799;-39.34298;799;3.09698
800;-5.89006;800;-54.49704;800;-3.234
801;-3.05136;801;-52.07367;801;-0.12706
802;-2.65429;802;-42.9687;802;-1.74769
803;5.99337;803;-10.02415;803;-1.24174
804;-9.72921;804;-42.68642;804;0.69229
805;-2.36273;805;-57.85453;805;0.65223
806;-7.73113;806;-46.28528;806;0.81175
807;-10.79061;807;-60.42646;807;-2.79415
808;-3.32377;808;-40.52246;808;-1.83
809;-2.42516;809;-43.58829;809;1.32946
810;-4.54751;810;-47.11619;810;-4.67517
811;-1.73112;811;-48.85211;811;-3.04462
812;-9.94746;812;-57.28042;812;-0.87169
813;-1.03362;813;-54.02647;813;0.60026
814;-2.03691;814;-60.40416;814;3.97231
815;-10.49183;815;-51.06659;815;0.26559
816;-8.10077;816;-45.91316;816;3.46854
817;1.71784;817;-40.73852;817;1.55235
818;-0.49683;818;-55.80865;818;4.11844
819;-8.39555;819;-67.6697;819;-1.80691
820;-6.84453;820;-58.71223;820;0.79067
821;2.50277;821;-35.22474;821;4.23278
822;-4.48761;822;-54.41877;822;0.33888
823;-3.76244;823;-55.05071;823;-4.44037
824;-4.51722;824;-41.40138;824;1.20767
825;-4.3645;825;-64.15293;825;4.3027
826;-7.17596;826;-53.14833;826;-0.56362
827;-2.409;827;-53.33217;827;2.26683
828;-4.22364;828;-60.13181;828;0.94118
829;-7.22638;829;-48.01085;829;3.47051
830;5.19169;830;-9.64397;830;1.77971
831;-3.97175;831;-52.09701;831;-3.0376
832;-6.07289;832;-53.21692;832;5.29937
833;-1.80646;833;-38.4377;833;0.61316
834;-7.55879;834;-57.1567;834;-0.076
835;-8.55894;835;-47.23115;835;1.23338
836;-2.33203;836;-34.71333;836;0.84412
837;-5.42019;837;-60.52244;837;5.36408
838;-4.34725;838;-54.05586;838;3.16589
839;-0.9101;839;-65.89358;839;-0.43404
840;-9.09827;840;-59.11885;840;-0.65651
841;-0.72785;841;-72.49353;841;-3.27397
842;-3.47211;842;-44.66626;842;2.06047
843;1.10928;843;-46.94791;843;0.15177
844;-8.40022;844;-55.11952;844;1.0252
845;-1.34187;845;-51.91219;845;4.31569
846;-5.59754;846;-57.50506;846;2.74072
847;-5.80213;847;-61.37406;847;-0.71494
848;-4.72592;848;-48.63331;848;3.71386
849;-0.3828;849;-25.09369;849;-2.82716
850;-11.65722;850;-57.66315;850;-0.63746
851;-4.39964;851;-60.85317;851;-0.56961
852;-5.34142;852;-40.41946;852;-2.6613
853;-2.20295;853;-35.90667;853;2.82019
854;5.1043;854;35.24869;854;-1.22725
855;-2.42994;855;-60.34121;855;1.06636
856;0.08081;856;-57.13159;856;0.68679
857;-6.94381;857;-62.70206;857;0.48423
858;-3.03995;858;-45.09922;858;-0.29862
859;-2.44205;859;-40.73244;859;-0.99529
860;-6.49705;860;-72.11028;860;2.44676
861;-6.44211;861;-52.64837;861;-2.9413
862;-4.36878;862;-64.74566;862;4.2648
863;-10.45941;863;-48.0379;863;-2.91334
864;-7.38512;864;-71.61431;864;-0.65759
865;-3.27881;865;-51.41908;865;2.93401
866;-0.2169;866;-57.32399;866;0.83855
867;-2.71943;867;-49.25257;867;-10.95937
868;-3.59126;868;-53.39592;868;-1.88274
869;-5.6467;869;-62.6145;869;2.20718
870;-9.53559;870;-64.81474;870;-4.71667
871;-3.64262;871;-63.19656;871;-1.01924
872;-0.52999;872;-14.58496;872;0.07438
873;-9.19138;873;-53.07441;873;-0.69305
874;-6.66147;874;-56.56669;874;1.13047
875;-0.48694;875;-68.29632;875;-3.72719
876;-2.45879;876;-25.54154;876;6.53023
877;-0.51773;877;-54.66339;877;3.06584
878;-6.94611;878;-55.50743;878;-2.70982
879;-2.86385;879;-20.52269;879;-0.38802
880;-2.3124;880;-34.97078;880;-3.34748
881;-2.01113;881;-44.67312;881;-3.67383
882;-3.54864;882;-65.61821;882;-3.53163
883;0.24015;883;-66.53028;883;-1.6876
884;0.81978;884;-52.34843;884;-1.24891
885;-7.37009;885;-68.08826;885;2.54065
886;-6.32295;886;-65.69106;886;-0.84013
887;-0.97409;887;-29.76507;887;-2.59772
888;-3.18828;888;-28.92772;888;-0.97737
889;1.70355;889;-22.11606;889;1.52128
890;7.40369;890;-29.56484;890;-2.10369
891;-10.47407;891;-53.66229;891;-0.93474
892;-5.13182;892;-62.70963;892;2.15763
893;-4.1909;893;-67.23269;893;-1.58453
894;-5.32336;894;-64.99386;894;-3.29521
895;-1.58488;895;-68.82768;895;1.0461
896;-5.18061;896;-49.94418;896;-2.84448
897;-1.33788;897;-52.60615;897;-4.67984
898;0.12261;898;-60.55164;898;-3.27276
899;-7.35343;899;-64.64607;899;3.35662
900;-0.34397;900;-6.63261;900;-4.95943
901;-0.4202;901;-33.48022;901;2.38391
902;-7.91999;902;-18.25026;902;-1.79531
903;-0.08957;903;-68.33583;903;1.77278
904;-6.00889;904;-67.72641;904;3.32041
905;-8.8396;905;-77.76323;905;-1.61921
906;-1.83244;906;-56.51885;906;5.97938
907;-4.41309;907;-70.76491;907;-2.30722
908;-8.15764;908;-63.99688;908;-1.80217
909;-3.73875;909;-52.02656;909;-2.38191
910;-3.56357;910;-59.77072;910;-2.60593
911;-5.03211;911;-52.48602;911;-2.80387
912;-5.90993;912;-68.19974;912;0.08105
913;-10.57472;913;-50.71939;913;-2.0205
914;-6.13473;914;-62.36845;914;2.38303
915;-3.53091;915;-51.94967;915;1.07257
916;-2.56702;916;-62.44185;916;-6.56889
917;0.83239;917;-41.41081;917;-2.51487
918;-6.01709;918;-55.36431;918;4.07623
919;-7.3314;919;-70.76838;919;1.2028
920;-1.44152;920;-60.35477;920;-1.0559
921;0.806;921;-51.20978;921;-0.21369
922;-4.46107;922;-65.80189;922;-1.67311
923;-0.52764;923;-47.70443;923;3.21762
924;-6.65293;924;-58.11918;924;-1.84867
925;3.35208;925;-60.72592;925;-5.33411
926;-1.51766;926;-66.28661;926;-5.77578
927;-6.13453;927;-59.58052;927;-2.29671
928;-0.53174;928;-61.65261;928;-4.3552
929;-1.87371;929;-60.13735;929;-3.95208
930;-7.65935;930;-63.71872;930;2.32159
931;-7.24153;931;-74.72775;931;-0.80487
932;-0.92403;932;-63.4238;932;2.65446
933;-7.06917;933;-74.03294;933;1.2681
934;-1.35161;934;-66.14754;934;1.34773
935;5.48177;935;20.57019;935;2.02153
936;-9.54252;936;-56.92954;936;2.02157
937;3.80582;937;-65.44116;937;-12.8222
938;-7.46389;938;-67.46967;938;4.15021
939;-4.49011;939;-61.64861;939;2.86564
940;-2.26686;940;-43.06457;940;-3.58339
941;-6.97449;941;-75.11134;941;-0.43763
942;-4.56625;942;-58.41877;942;2.38278
943;-8.53874;943;-67.5943;943;0.77394
944;-2.7052;944;-64.18591;944;5.028
945;-5.71072;945;-70.79301;945;-2.50531
946;-10.43955;946;-56.97229;946;3.47829
947;-10.76518;947;-67.41776;947;2.62393
948;1.45594;948;-67.6583;948;2.41409
949;-11.83666;949;-65.39918;949;-4.34541
950;-2.98491;950;-57.97241;950;-3.09634
951;-4.56063;951;-65.19697;951;-0.7541
952;-2.61416;952;-65.71061;952;2.74693
953;-0.90742;953;-45.23845;953;-1.88107
954;-1.71492;954;-54.77653;954;-3.06802
955;-6.93214;955;-47.28484;955;-2.53934
956;-1.17155;956;-76.01046;956;1.95862
957;-8.50947;957;-74.85826;957;0.89814
958;-6.44751;958;-73.72863;958;-0.22782
959;-9.13517;959;-69.34972;959;0.50496
960;-5.01303;960;-54.75687;960;-5.07857
961;-4.58845;961;-50.62311;961;0.32169
962;-1.59235;962;-56.38619;962;-2.4541
963;-7.95351;963;-54.87438;963;1.16093
964;-6.03052;964;-68.2085;964;2.30752
965;-6.53369;965;-57.67743;965;0.1
966;-6.5031;966;-66.85098;966;3.11511
967;-9.52044;967;-76.2112;967;-0.59166
968;-7.46758;968;-54.52974;968;-4.93721
969;-8.51126;969;-60.12391;969;6.60876
970;1.87282;970;-56.49422;970;-1.58948
971;-4.90689;971;-67.20144;971;-1.578
972;-8.30016;972;-65.90589;972;1.01123
973;-1.79225;973;-69.72683;973;-2.81902
974;-6.30476;974;-28.51128;974;2.40623
975;-7.75651;975;-68.70685;975;-4.60094
976;4.02958;976;-26.02747;976;7.44785
977;-1.8616;977;-56.21432;977;3.82565
978;-5.33451;978;-63.13882;978;-2.87476
979;-3.88337;979;-74.97176;979;3.8172
980;-8.61208;980;-57.5092;980;-1.23919
981;-2.17044;981;-59.10685;981;-1.01739
982;0.2409;982;-26.1211;982;-3.8235
983;-2.62731;983;-62.87889;983;1.07577
984;10.1953;984;-69.94238;984;0.15048
985;-7.3144;985;-76.17376;985;2.23306
986;-8.25834;986;-48.67885;986;2.26492
987;-4.47401;987;-59.37718;987;-4.84017
988;-11.27849;988;-68.8281;988;4.06109
989;-8.74061;989;-67.03091;989;-1.03922
990;-6.0113;990;-77.36468;990;1.5644
991;-1.71026;991;-54.83332;991;0.40082
992;-8.13551;992;-76.20311;992;1.67802
993;1.29159;993;-65.94929;993;3.31882
994;-8.50845;994;-43.24517;994;2.94339
995;-3.00153;995;-73.46667;995;-0.74207
996;-7.96481;996;-52.82817;996;1.94645
997;-8.53798;997;-59.8944;997;0.8824
998;-2.24227;998;-60.55132;998;2.00704
999;-6.46849;999;-67.53293;999;3.81112
1000;-7.33402;1000;-75.48314;1000;-6.33253
